group,case,num_rows,operation,backend,time_ms,latency_over_ddc,winner,source_operation,source_file,replicates,min_ms,max_ms,cf1,throughput_ops_s
cluster,iid,100000000,OR,DDC,1.44766,1.0,DDC,OR_op,R2W1_clustering_ops_v2_20260813/results/operation_sweep_crrun.csv,3,1.44494,1.52908,1.0101,690.7699321663927
cluster,iid,100000000,OR,CRoaring,2.08199,1.4381760910711077,DDC,OR_op,combit-cr-native-20260820/experiments/cr_native_no_btv_20260820/raw/cluster/r*_iid.csv,3,2.08112,2.08767,1.0101,480.3097036969438
cluster,iid,100000000,OR,WAH,30.638,21.16380918171394,DDC,OR_op,R2W1_clustering_ops_v2_20260813/results/operation_sweep_crrun.csv,3,30.6017,30.7074,1.0101,32.63920621450486
cluster,iid,100000000,OR,EWAH,19.9484,13.779754914828068,DDC,OR_op,R2W1_clustering_ops_v2_20260813/results/operation_sweep_crrun.csv,3,19.914,20.0063,1.0101,50.129333680896714
cluster,iid,100000000,AND,DDC,1.11105,1.0,CRoaring,AND_op,R2W1_clustering_ops_v2_20260813/results/operation_sweep_crrun.csv,3,1.10743,1.13709,1.0101,900.0495027226497
cluster,iid,100000000,AND,CRoaring,0.374751,0.3372944511948157,CRoaring,AND_op,combit-cr-native-20260820/experiments/cr_native_no_btv_20260820/raw/cluster/r*_iid.csv,3,0.374009,0.375714,1.0101,2668.4385098371986
cluster,iid,100000000,AND,WAH,17.3022,15.572836506007828,CRoaring,AND_op,R2W1_clustering_ops_v2_20260813/results/operation_sweep_crrun.csv,3,17.2887,17.4908,1.0101,57.796118412687406
cluster,iid,100000000,AND,EWAH,10.3164,9.285270689887943,CRoaring,AND_op,R2W1_clustering_ops_v2_20260813/results/operation_sweep_crrun.csv,3,10.276,10.3786,1.0101,96.93303865689582
cluster,iid,100000000,NOT,DDC,0.268726,1.0,DDC,NOT_op,R2W1_clustering_ops_v2_20260813/results/operation_sweep_crrun.csv,3,0.267844,0.27088,1.0101,3721.2625499579494
cluster,iid,100000000,NOT,CRoaring,1.676,6.236836033729523,DDC,NOT_op,combit-cr-native-20260820/experiments/cr_native_no_btv_20260820/raw/cluster/r*_iid.csv,3,1.67269,1.67648,1.0101,596.6587112171838
cluster,iid,100000000,NOT,WAH,0.668596,2.488021255851685,DDC,NOT_op,R2W1_clustering_ops_v2_20260813/results/operation_sweep_crrun.csv,3,0.667614,0.67478,1.0101,1495.671526602014
cluster,iid,100000000,NOT,EWAH,6.73741,25.071671516712186,DDC,NOT_op,R2W1_clustering_ops_v2_20260813/results/operation_sweep_crrun.csv,3,6.70854,6.76471,1.0101,148.4249882373197
cluster,iid,100000000,COMP,DDC,4.39427,1.0,DDC,COMP_op,R2W1_clustering_ops_v2_20260813/results/operation_sweep_crrun.csv,3,4.38944,4.55864,1.0101,227.56908428476177
cluster,iid,100000000,COMP,CRoaring,7.39272,1.682354520773644,DDC,COMP_op_native,combit-cr-native-20260820/experiments/cr_native_no_btv_20260820/raw/cluster/r*_iid.csv,3,7.38111,7.42257,1.0101,135.26820980640414
cluster,iid,100000000,COMP,WAH,92.7453,21.105962992715515,DDC,COMP_op,R2W1_clustering_ops_v2_20260813/results/operation_sweep_crrun.csv,3,92.4987,93.0998,1.0101,10.782217535551666
cluster,iid,100000000,COMP,EWAH,66.9668,15.239573353480786,DDC,COMP_op,R2W1_clustering_ops_v2_20260813/results/operation_sweep_crrun.csv,3,66.9585,67.1546,1.0101,14.932772657495951
cluster,f2,100000000,OR,DDC,1.43914,1.0,DDC,OR_op,R2W1_clustering_ops_v2_20260813/results/operation_sweep_crrun.csv,3,1.42657,1.44158,2.0,694.8594299373236
cluster,f2,100000000,OR,CRoaring,8.35979,5.808878913795739,DDC,OR_op,combit-cr-native-20260820/experiments/cr_native_no_btv_20260820/raw/cluster/r*_f2.csv,3,8.35312,8.37567,2.0,119.62022969476506
cluster,f2,100000000,OR,WAH,16.9586,11.783843128535096,DDC,OR_op,R2W1_clustering_ops_v2_20260813/results/operation_sweep_crrun.csv,3,16.9232,16.9595,2.0,58.96713172077884
cluster,f2,100000000,OR,EWAH,13.8444,9.619911891824284,DDC,OR_op,R2W1_clustering_ops_v2_20260813/results/operation_sweep_crrun.csv,3,13.7474,14.8924,2.0,72.2313715292826
cluster,f2,100000000,AND,DDC,1.07654,1.0,CRoaring,AND_op,R2W1_clustering_ops_v2_20260813/results/operation_sweep_crrun.csv,3,1.06487,1.10745,2.0,928.9018522302933
cluster,f2,100000000,AND,CRoaring,0.957401,0.8893315622271349,CRoaring,AND_op,combit-cr-native-20260820/experiments/cr_native_no_btv_20260820/raw/cluster/r*_f2.csv,3,0.954013,0.960602,2.0,1044.4944176995846
cluster,f2,100000000,AND,WAH,8.77758,8.153510320099578,CRoaring,AND_op,R2W1_clustering_ops_v2_20260813/results/operation_sweep_crrun.csv,3,8.74155,8.79124,2.0,113.9266175870798
cluster,f2,100000000,AND,EWAH,6.12929,5.693508833856614,CRoaring,AND_op,R2W1_clustering_ops_v2_20260813/results/operation_sweep_crrun.csv,3,6.09371,7.23232,2.0,163.1510338065257
cluster,f2,100000000,NOT,DDC,0.209498,1.0,DDC,NOT_op,R2W1_clustering_ops_v2_20260813/results/operation_sweep_crrun.csv,3,0.208376,0.212312,2.0,4773.315258379555
cluster,f2,100000000,NOT,CRoaring,1.87896,8.968868437884849,DDC,NOT_op,combit-cr-native-20260820/experiments/cr_native_no_btv_20260820/raw/cluster/r*_f2.csv,3,1.87708,1.87977,2.0,532.2093072763656
cluster,f2,100000000,NOT,WAH,0.395362,1.8871874671834576,DDC,NOT_op,R2W1_clustering_ops_v2_20260813/results/operation_sweep_crrun.csv,3,0.395073,0.395363,2.0,2529.3275529767657
cluster,f2,100000000,NOT,EWAH,4.09001,19.522907139924968,DDC,NOT_op,R2W1_clustering_ops_v2_20260813/results/operation_sweep_crrun.csv,3,4.08735,4.15456,2.0,244.49817971105202
cluster,f2,100000000,COMP,DDC,4.3873,1.0,DDC,COMP_op,R2W1_clustering_ops_v2_20260813/results/operation_sweep_crrun.csv,3,4.3556,4.39887,2.0,227.9306179199052
cluster,f2,100000000,COMP,CRoaring,30.2362,6.891755749549837,DDC,COMP_op_native,combit-cr-native-20260820/experiments/cr_native_no_btv_20260820/raw/cluster/r*_f2.csv,3,30.2185,30.2365,2.0,33.072939059802486
cluster,f2,100000000,COMP,WAH,57.9844,13.21642012171495,DDC,COMP_op,R2W1_clustering_ops_v2_20260813/results/operation_sweep_crrun.csv,3,57.9674,58.0339,2.0,17.246017894468167
cluster,f2,100000000,COMP,EWAH,48.2335,10.993891459439746,DDC,COMP_op,R2W1_clustering_ops_v2_20260813/results/operation_sweep_crrun.csv,3,48.0582,51.6532,2.0,20.732478464137994
cluster,f4,100000000,OR,DDC,1.46193,1.0,DDC,OR_op,R2W1_clustering_ops_v2_20260813/results/operation_sweep_crrun.csv,3,1.42634,1.52281,4.0,684.0272790078868
cluster,f4,100000000,OR,CRoaring,3.5781,2.44751800701812,DDC,OR_op,combit-cr-native-20260820/experiments/cr_native_no_btv_20260820/raw/cluster/r*_f4.csv,3,3.56819,3.58208,4.0,279.4779352170146
cluster,f4,100000000,OR,WAH,8.85996,6.060454330918716,DDC,OR_op,R2W1_clustering_ops_v2_20260813/results/operation_sweep_crrun.csv,3,8.8221,8.87493,4.0,112.86732671479331
cluster,f4,100000000,OR,EWAH,8.12552,5.558077336124165,DDC,OR_op,R2W1_clustering_ops_v2_20260813/results/operation_sweep_crrun.csv,3,8.05945,9.08087,4.0,123.06904665793697
cluster,f4,100000000,AND,DDC,1.00274,1.0,CRoaring,AND_op,R2W1_clustering_ops_v2_20260813/results/operation_sweep_crrun.csv,3,1.00145,1.05725,4.0,997.267487085386
cluster,f4,100000000,AND,CRoaring,0.892726,0.8902866146757884,CRoaring,AND_op,combit-cr-native-20260820/experiments/cr_native_no_btv_20260820/raw/cluster/r*_f4.csv,3,0.888818,0.893654,4.0,1120.164529766132
cluster,f4,100000000,AND,WAH,4.68916,4.676346809741309,CRoaring,AND_op,R2W1_clustering_ops_v2_20260813/results/operation_sweep_crrun.csv,3,4.68152,4.69149,4.0,213.25781163364013
cluster,f4,100000000,AND,EWAH,3.37295,3.363733370564653,CRoaring,AND_op,R2W1_clustering_ops_v2_20260813/results/operation_sweep_crrun.csv,3,3.34838,3.51349,4.0,296.47637824456336
cluster,f4,100000000,NOT,DDC,0.174198,1.0,DDC,NOT_op,R2W1_clustering_ops_v2_20260813/results/operation_sweep_crrun.csv,3,0.173752,0.175844,4.0,5740.594036670915
cluster,f4,100000000,NOT,CRoaring,1.05738,6.069989322495092,DDC,NOT_op,combit-cr-native-20260820/experiments/cr_native_no_btv_20260820/raw/cluster/r*_f4.csv,3,1.05672,1.05799,4.0,945.7337948514253
cluster,f4,100000000,NOT,WAH,0.200221,1.1493874786162874,DDC,NOT_op,R2W1_clustering_ops_v2_20260813/results/operation_sweep_crrun.csv,3,0.197453,0.201124,4.0,4994.481098386283
cluster,f4,100000000,NOT,EWAH,2.28041,13.09090804716472,DDC,NOT_op,R2W1_clustering_ops_v2_20260813/results/operation_sweep_crrun.csv,3,2.26011,2.74412,4.0,438.517634986691
cluster,f4,100000000,COMP,DDC,4.36045,1.0,DDC,COMP_op,R2W1_clustering_ops_v2_20260813/results/operation_sweep_crrun.csv,3,4.35619,4.48073,4.0,229.33412835831163
cluster,f4,100000000,COMP,CRoaring,14.2283,3.2630347785205656,DDC,COMP_op_native,combit-cr-native-20260820/experiments/cr_native_no_btv_20260820/raw/cluster/r*_f4.csv,3,14.2194,14.2426,4.0,70.28246522775032
cluster,f4,100000000,COMP,WAH,31.1573,7.145432237498423,DDC,COMP_op,R2W1_clustering_ops_v2_20260813/results/operation_sweep_crrun.csv,3,30.8856,33.3313,4.0,32.09520722270543
cluster,f4,100000000,COMP,EWAH,28.7758,6.599273010813104,DDC,COMP_op,R2W1_clustering_ops_v2_20260813/results/operation_sweep_crrun.csv,3,28.7435,28.9832,4.0,34.75142307077475
cluster,f8,100000000,OR,DDC,1.40593,1.0,DDC,OR_op,R2W1_clustering_ops_v2_20260813/results/operation_sweep_crrun.csv,3,1.38729,1.41185,8.0,711.2729652258648
cluster,f8,100000000,OR,CRoaring,1.78584,1.2702197122189585,DDC,OR_op,combit-cr-native-20260820/experiments/cr_native_no_btv_20260820/raw/cluster/r*_f8.csv,3,1.78099,1.78796,8.0,559.9605787752542
cluster,f8,100000000,OR,WAH,4.93254,3.5083823518951873,DDC,OR_op,R2W1_clustering_ops_v2_20260813/results/operation_sweep_crrun.csv,3,4.91198,4.94054,8.0,202.7353047314365
cluster,f8,100000000,OR,EWAH,4.4314,3.1519350181018972,DDC,OR_op,R2W1_clustering_ops_v2_20260813/results/operation_sweep_crrun.csv,3,4.41578,4.43845,8.0,225.66231890598908
cluster,f8,100000000,AND,DDC,0.901018,1.0,CRoaring,AND_op,R2W1_clustering_ops_v2_20260813/results/operation_sweep_crrun.csv,3,0.88632,0.910892,8.0,1109.8557409507912
cluster,f8,100000000,AND,CRoaring,0.476433,0.5287719002284084,CRoaring,AND_op,combit-cr-native-20260820/experiments/cr_native_no_btv_20260820/raw/cluster/r*_f8.csv,3,0.473903,0.477731,8.0,2098.9310144343485
cluster,f8,100000000,AND,WAH,2.56101,2.842351651132386,CRoaring,AND_op,R2W1_clustering_ops_v2_20260813/results/operation_sweep_crrun.csv,3,2.55864,2.56552,8.0,390.4709470091878
cluster,f8,100000000,AND,EWAH,1.83229,2.033577575586725,CRoaring,AND_op,R2W1_clustering_ops_v2_20260813/results/operation_sweep_crrun.csv,3,1.83079,1.83482,8.0,545.7651354316183
cluster,f8,100000000,NOT,DDC,0.161615,1.0,WAH,NOT_op,R2W1_clustering_ops_v2_20260813/results/operation_sweep_crrun.csv,3,0.159387,0.21066,8.0,6187.544472975899
cluster,f8,100000000,NOT,CRoaring,0.647316,4.005296538068867,WAH,NOT_op,combit-cr-native-20260820/experiments/cr_native_no_btv_20260820/raw/cluster/r*_f8.csv,3,0.64696,0.647444,8.0,1544.8405415593002
cluster,f8,100000000,NOT,WAH,0.061728,0.3819447452278563,WAH,NOT_op,R2W1_clustering_ops_v2_20260813/results/operation_sweep_crrun.csv,3,0.05767,0.066791,8.0,16200.103680663557
cluster,f8,100000000,NOT,EWAH,1.25775,7.782384060885437,WAH,NOT_op,R2W1_clustering_ops_v2_20260813/results/operation_sweep_crrun.csv,3,1.24205,1.25806,8.0,795.0705625124231
cluster,f8,100000000,COMP,DDC,4.38014,1.0,DDC,COMP_op,R2W1_clustering_ops_v2_20260813/results/operation_sweep_crrun.csv,3,4.32524,4.54874,8.0,228.30320492039067
cluster,f8,100000000,COMP,CRoaring,7.30885,1.6686338792823974,DDC,COMP_op_native,combit-cr-native-20260820/experiments/cr_native_no_btv_20260820/raw/cluster/r*_f8.csv,3,7.30045,7.33129,8.0,136.82043002661158
cluster,f8,100000000,COMP,WAH,17.1015,3.9043272589460614,DDC,COMP_op,R2W1_clustering_ops_v2_20260813/results/operation_sweep_crrun.csv,3,17.0046,18.0888,8.0,58.47440283016109
cluster,f8,100000000,COMP,EWAH,16.2104,3.700886273041501,DDC,COMP_op,R2W1_clustering_ops_v2_20260813/results/operation_sweep_crrun.csv,3,16.2097,16.2189,8.0,61.68879238020037
cluster,f16,100000000,OR,DDC,1.41038,1.0,CRoaring,OR_op,R2W1_clustering_ops_v2_20260813/results/operation_sweep_crrun.csv,3,1.38859,1.42152,16.0,709.0287723875836
cluster,f16,100000000,OR,CRoaring,0.936691,0.664140869836498,CRoaring,OR_op,combit-cr-native-20260820/experiments/cr_native_no_btv_20260820/raw/cluster/r*_f16.csv,3,0.931322,0.945013,16.0,1067.5879238724403
cluster,f16,100000000,OR,WAH,2.78472,1.9744466030431516,CRoaring,OR_op,R2W1_clustering_ops_v2_20260813/results/operation_sweep_crrun.csv,3,2.78387,2.79262,16.0,359.10253095463815
cluster,f16,100000000,OR,EWAH,2.43114,1.7237482097023498,CRoaring,OR_op,R2W1_clustering_ops_v2_20260813/results/operation_sweep_crrun.csv,3,2.43029,2.75303,16.0,411.329664272728
cluster,f16,100000000,AND,DDC,0.851042,1.0,CRoaring,AND_op,R2W1_clustering_ops_v2_20260813/results/operation_sweep_crrun.csv,3,0.850853,0.869188,16.0,1175.0301395230788
cluster,f16,100000000,AND,CRoaring,0.305127,0.35853342138225847,CRoaring,AND_op,combit-cr-native-20260820/experiments/cr_native_no_btv_20260820/raw/cluster/r*_f16.csv,3,0.302006,0.305265,16.0,3277.3238684220014
cluster,f16,100000000,AND,WAH,1.52067,1.7868330822685603,CRoaring,AND_op,R2W1_clustering_ops_v2_20260813/results/operation_sweep_crrun.csv,3,1.51838,1.53075,16.0,657.6048715368884
cluster,f16,100000000,AND,EWAH,1.05249,1.236707471546645,CRoaring,AND_op,R2W1_clustering_ops_v2_20260813/results/operation_sweep_crrun.csv,3,1.0521,1.05354,16.0,950.1277921880494
cluster,f16,100000000,NOT,DDC,0.158281,1.0,WAH,NOT_op,R2W1_clustering_ops_v2_20260813/results/operation_sweep_crrun.csv,3,0.156889,0.191241,16.0,6317.877698523512
cluster,f16,100000000,NOT,CRoaring,0.445797,2.816490924368686,WAH,NOT_op,combit-cr-native-20260820/experiments/cr_native_no_btv_20260820/raw/cluster/r*_f16.csv,3,0.44477,0.446426,16.0,2243.173462360671
cluster,f16,100000000,NOT,WAH,0.034588,0.21852275383653122,WAH,NOT_op,R2W1_clustering_ops_v2_20260813/results/operation_sweep_crrun.csv,3,0.034559,0.034624,16.0,28911.76130449867
cluster,f16,100000000,NOT,EWAH,0.721503,4.55836771311781,WAH,NOT_op,R2W1_clustering_ops_v2_20260813/results/operation_sweep_crrun.csv,3,0.716929,0.726373,16.0,1385.9956230258224
cluster,f16,100000000,COMP,DDC,4.34565,1.0,CRoaring,COMP_op,R2W1_clustering_ops_v2_20260813/results/operation_sweep_crrun.csv,3,4.3111,4.35561,16.0,230.11517264390827
cluster,f16,100000000,COMP,CRoaring,3.86189,0.8886794840817829,CRoaring,COMP_op_native,combit-cr-native-20260820/experiments/cr_native_no_btv_20260820/raw/cluster/r*_f16.csv,3,3.85521,3.86215,16.0,258.94057054965316
cluster,f16,100000000,COMP,WAH,9.69308,2.2305247776512145,CRoaring,COMP_op,R2W1_clustering_ops_v2_20260813/results/operation_sweep_crrun.csv,3,9.65151,11.1891,16.0,103.16638261522652
cluster,f16,100000000,COMP,EWAH,9.04973,2.082480181330756,CRoaring,COMP_op,R2W1_clustering_ops_v2_20260813/results/operation_sweep_crrun.csv,3,9.04924,9.06233,16.0,110.5005342700832
cluster,f32,100000000,OR,DDC,1.41353,1.0,CRoaring,OR_op,R2W1_clustering_ops_v2_20260813/results/operation_sweep_crrun.csv,3,1.38026,1.41579,32.0,707.4487276534634
cluster,f32,100000000,OR,CRoaring,0.517538,0.36613159961231817,CRoaring,OR_op,combit-cr-native-20260820/experiments/cr_native_no_btv_20260820/raw/cluster/r*_f32.csv,3,0.514907,0.518782,32.0,1932.2252665504752
cluster,f32,100000000,OR,WAH,1.53881,1.088629176600426,CRoaring,OR_op,R2W1_clustering_ops_v2_20260813/results/operation_sweep_crrun.csv,3,1.53645,1.539,32.0,649.8528083389112
cluster,f32,100000000,OR,EWAH,1.44357,1.02125175977871,CRoaring,OR_op,R2W1_clustering_ops_v2_20260813/results/operation_sweep_crrun.csv,3,1.44017,1.44481,32.0,692.7270586116364
cluster,f32,100000000,AND,DDC,0.810154,1.0,CRoaring,AND_op,R2W1_clustering_ops_v2_20260813/results/operation_sweep_crrun.csv,3,0.773086,0.810804,32.0,1234.3332255348982
cluster,f32,100000000,AND,CRoaring,0.208697,0.25760164116945666,CRoaring,AND_op,combit-cr-native-20260820/experiments/cr_native_no_btv_20260820/raw/cluster/r*_f32.csv,3,0.208425,0.209068,32.0,4791.635720685971
cluster,f32,100000000,AND,WAH,0.892439,1.101567109463139,CRoaring,AND_op,R2W1_clustering_ops_v2_20260813/results/operation_sweep_crrun.csv,3,0.888279,0.893579,32.0,1120.5247641575502
cluster,f32,100000000,AND,EWAH,0.661667,0.8167175623399995,CRoaring,AND_op,R2W1_clustering_ops_v2_20260813/results/operation_sweep_crrun.csv,3,0.660666,0.665359,32.0,1511.3342512170018
cluster,f32,100000000,NOT,DDC,0.161286,1.0,WAH,NOT_op,R2W1_clustering_ops_v2_20260813/results/operation_sweep_crrun.csv,3,0.160896,0.203885,32.0,6200.166164453207
cluster,f32,100000000,NOT,CRoaring,0.362799,2.249414084297459,WAH,NOT_op,combit-cr-native-20260820/experiments/cr_native_no_btv_20260820/raw/cluster/r*_f32.csv,3,0.362137,0.363221,32.0,2756.347178465211
cluster,f32,100000000,NOT,WAH,0.016915,0.104875810671726,WAH,NOT_op,R2W1_clustering_ops_v2_20260813/results/operation_sweep_crrun.csv,3,0.016899,0.017458,32.0,59119.12503694945
cluster,f32,100000000,NOT,EWAH,0.439275,2.7235779918901826,WAH,NOT_op,R2W1_clustering_ops_v2_20260813/results/operation_sweep_crrun.csv,3,0.436077,0.44008,32.0,2276.478288088327
cluster,f32,100000000,COMP,DDC,4.35678,1.0,CRoaring,COMP_op,R2W1_clustering_ops_v2_20260813/results/operation_sweep_crrun.csv,3,4.22491,4.38657,32.0,229.52731145479004
cluster,f32,100000000,COMP,CRoaring,2.15726,0.4951500879089603,CRoaring,COMP_op_native,combit-cr-native-20260820/experiments/cr_native_no_btv_20260820/raw/cluster/r*_f32.csv,3,2.1534,2.16,32.0,463.55098597294716
cluster,f32,100000000,COMP,WAH,5.4012,1.239722914629612,CRoaring,COMP_op,R2W1_clustering_ops_v2_20260813/results/operation_sweep_crrun.csv,3,5.38104,5.49123,32.0,185.14404206472636
cluster,f32,100000000,COMP,EWAH,5.34757,1.2274133649162915,CRoaring,COMP_op,R2W1_clustering_ops_v2_20260813/results/operation_sweep_crrun.csv,3,5.338,5.41629,32.0,187.0008246736368
cluster,f64,100000000,OR,DDC,1.42852,1.0,CRoaring,OR_op,R2W1_clustering_ops_v2_20260813/results/operation_sweep_crrun.csv,3,1.41702,1.59005,64.01,700.0252009072326
cluster,f64,100000000,OR,CRoaring,0.306204,0.21435051661859825,CRoaring,OR_op,combit-cr-native-20260820/experiments/cr_native_no_btv_20260820/raw/cluster/r*_f64.csv,3,0.302549,0.30694,64.01,3265.796658436859
cluster,f64,100000000,OR,WAH,0.794645,0.5562715257749279,CRoaring,OR_op,R2W1_clustering_ops_v2_20260813/results/operation_sweep_crrun.csv,3,0.794549,0.923286,64.01,1258.4235727903654
cluster,f64,100000000,OR,EWAH,0.83715,0.5860260969394898,CRoaring,OR_op,R2W1_clustering_ops_v2_20260813/results/operation_sweep_crrun.csv,3,0.834173,1.04975,64.01,1194.5290569193096
cluster,f64,100000000,AND,DDC,0.80501,1.0,CRoaring,AND_op,R2W1_clustering_ops_v2_20260813/results/operation_sweep_crrun.csv,3,0.796923,0.844934,64.01,1242.2205935329996
cluster,f64,100000000,AND,CRoaring,0.168586,0.20942100098135427,CRoaring,AND_op,combit-cr-native-20260820/experiments/cr_native_no_btv_20260820/raw/cluster/r*_f64.csv,3,0.168178,0.169341,64.01,5931.690650469196
cluster,f64,100000000,AND,WAH,0.521128,0.6473559334666651,CRoaring,AND_op,R2W1_clustering_ops_v2_20260813/results/operation_sweep_crrun.csv,3,0.520974,0.563603,64.01,1918.9143550145068
cluster,f64,100000000,AND,EWAH,0.423088,0.5255686264766898,CRoaring,AND_op,R2W1_clustering_ops_v2_20260813/results/operation_sweep_crrun.csv,3,0.421083,0.517546,64.01,2363.5744809590437
cluster,f64,100000000,NOT,DDC,0.163658,1.0,WAH,NOT_op,R2W1_clustering_ops_v2_20260813/results/operation_sweep_crrun.csv,3,0.163332,0.167004,64.01,6110.303193244449
cluster,f64,100000000,NOT,CRoaring,0.301908,1.8447494164660452,WAH,NOT_op,combit-cr-native-20260820/experiments/cr_native_no_btv_20260820/raw/cluster/r*_f64.csv,3,0.300979,0.301928,64.01,3312.2673132212462
cluster,f64,100000000,NOT,WAH,0.011689,0.07142333402583437,WAH,NOT_op,R2W1_clustering_ops_v2_20260813/results/operation_sweep_crrun.csv,3,0.01168,0.01174,64.01,85550.51758063136
cluster,f64,100000000,NOT,EWAH,0.292463,1.787037602805851,WAH,NOT_op,R2W1_clustering_ops_v2_20260813/results/operation_sweep_crrun.csv,3,0.290748,0.292745,64.01,3419.235937537398
cluster,f64,100000000,COMP,DDC,4.34155,1.0,CRoaring,COMP_op,R2W1_clustering_ops_v2_20260813/results/operation_sweep_crrun.csv,3,4.25607,4.3776,64.01,230.33248494201382
cluster,f64,100000000,COMP,CRoaring,1.32219,0.3045433082654812,CRoaring,COMP_op_native,combit-cr-native-20260820/experiments/cr_native_no_btv_20260820/raw/cluster/r*_f64.csv,3,1.31922,1.32492,64.01,756.3209523593432
cluster,f64,100000000,COMP,WAH,2.85709,0.6580806394029782,CRoaring,COMP_op,R2W1_clustering_ops_v2_20260813/results/operation_sweep_crrun.csv,3,2.85664,2.87496,64.01,350.00647511978974
cluster,f64,100000000,COMP,EWAH,3.17112,0.7304119496493189,CRoaring,COMP_op,R2W1_clustering_ops_v2_20260813/results/operation_sweep_crrun.csv,3,3.17089,3.17231,64.01,315.34599762859807
cluster,f128,100000000,OR,DDC,1.39696,1.0,CRoaring,OR_op,R2W1_clustering_ops_v2_20260813/results/operation_sweep_crrun.csv,3,1.39389,1.48349,128.03,715.840109953041
cluster,f128,100000000,OR,CRoaring,0.191974,0.13742268926812506,CRoaring,OR_op,combit-cr-native-20260820/experiments/cr_native_no_btv_20260820/raw/cluster/r*_f128.csv,3,0.191127,0.19398,128.03,5209.038723993874
cluster,f128,100000000,OR,WAH,0.383621,0.2746112988202955,CRoaring,OR_op,R2W1_clustering_ops_v2_20260813/results/operation_sweep_crrun.csv,3,0.383252,0.46036,128.03,2606.7394642107706
cluster,f128,100000000,OR,EWAH,0.401784,0.28761310273737256,CRoaring,OR_op,R2W1_clustering_ops_v2_20260813/results/operation_sweep_crrun.csv,3,0.399727,0.402003,128.03,2488.899508193457
cluster,f128,100000000,AND,DDC,0.783529,1.0,CRoaring,AND_op,R2W1_clustering_ops_v2_20260813/results/operation_sweep_crrun.csv,3,0.782529,0.829693,128.03,1276.2769469923894
cluster,f128,100000000,AND,CRoaring,0.140798,0.17969724158263448,CRoaring,AND_op,combit-cr-native-20260820/experiments/cr_native_no_btv_20260820/raw/cluster/r*_f128.csv,3,0.140787,0.140982,128.03,7102.373613261551
cluster,f128,100000000,AND,WAH,0.25946,0.3311428166666454,CRoaring,AND_op,R2W1_clustering_ops_v2_20260813/results/operation_sweep_crrun.csv,3,0.258992,0.325478,128.03,3854.1586371695057
cluster,f128,100000000,AND,EWAH,0.2317,0.29571336861813663,CRoaring,AND_op,R2W1_clustering_ops_v2_20260813/results/operation_sweep_crrun.csv,3,0.230342,0.232024,128.03,4315.9257660768235
cluster,f128,100000000,NOT,DDC,0.175651,1.0,WAH,NOT_op,R2W1_clustering_ops_v2_20260813/results/operation_sweep_crrun.csv,3,0.174918,0.202794,128.03,5693.1073549253915
cluster,f128,100000000,NOT,CRoaring,0.27711,1.5776169791233754,WAH,NOT_op,combit-cr-native-20260820/experiments/cr_native_no_btv_20260820/raw/cluster/r*_f128.csv,3,0.276644,0.277461,128.03,3608.675255313774
cluster,f128,100000000,NOT,WAH,0.006638,0.03779084662199475,WAH,NOT_op,R2W1_clustering_ops_v2_20260813/results/operation_sweep_crrun.csv,3,0.006634,0.007384,128.03,150647.7854775535
cluster,f128,100000000,NOT,EWAH,0.148911,0.847766309329295,WAH,NOT_op,R2W1_clustering_ops_v2_20260813/results/operation_sweep_crrun.csv,3,0.147619,0.150066,128.03,6715.420620370557
cluster,f128,100000000,COMP,DDC,4.31642,1.0,CRoaring,COMP_op,R2W1_clustering_ops_v2_20260813/results/operation_sweep_crrun.csv,3,4.26818,4.32395,128.03,231.6734701442399
cluster,f128,100000000,COMP,CRoaring,0.883659,0.2047203469541889,CRoaring,COMP_op_native,combit-cr-native-20260820/experiments/cr_native_no_btv_20260820/raw/cluster/r*_f128.csv,3,0.88338,0.884475,128.03,1131.6582527875573
cluster,f128,100000000,COMP,WAH,1.36425,0.3160605316442793,CRoaring,COMP_op,R2W1_clustering_ops_v2_20260813/results/operation_sweep_crrun.csv,3,1.36229,1.51502,128.03,733.0034817665384
cluster,f128,100000000,COMP,EWAH,1.59514,0.36955161916588286,CRoaring,COMP_op,R2W1_clustering_ops_v2_20260813/results/operation_sweep_crrun.csv,3,1.59458,1.59724,128.03,626.904221573028
cluster,f256,100000000,OR,DDC,1.24081,1.0,CRoaring,OR_op,R2W1_clustering_ops_v2_20260813/results/operation_sweep_crrun.csv,3,1.23708,1.30477,255.66,805.9251617894763
cluster,f256,100000000,OR,CRoaring,0.140425,0.1131720408442872,CRoaring,OR_op,combit-cr-native-20260820/experiments/cr_native_no_btv_20260820/raw/cluster/r*_f256.csv,3,0.139961,0.140501,255.66,7121.239095602635
cluster,f256,100000000,OR,WAH,0.184522,0.14871092270371772,CRoaring,OR_op,R2W1_clustering_ops_v2_20260813/results/operation_sweep_crrun.csv,3,0.184409,0.184945,255.66,5419.407983871842
cluster,f256,100000000,OR,EWAH,0.191598,0.15441364914854006,CRoaring,OR_op,R2W1_clustering_ops_v2_20260813/results/operation_sweep_crrun.csv,3,0.188599,0.223199,255.66,5219.2611613899935
cluster,f256,100000000,AND,DDC,0.745768,1.0,EWAH,AND_op,R2W1_clustering_ops_v2_20260813/results/operation_sweep_crrun.csv,3,0.722682,0.746554,255.66,1340.8995827120498
cluster,f256,100000000,AND,CRoaring,0.121886,0.1634368865384409,EWAH,AND_op,combit-cr-native-20260820/experiments/cr_native_no_btv_20260820/raw/cluster/r*_f256.csv,3,0.120885,0.123612,255.66,8204.387706545462
cluster,f256,100000000,AND,WAH,0.129193,0.17323483978931786,EWAH,AND_op,R2W1_clustering_ops_v2_20260813/results/operation_sweep_crrun.csv,3,0.128403,0.147616,255.66,7740.357449707028
cluster,f256,100000000,AND,EWAH,0.113877,0.15269762178050011,EWAH,AND_op,R2W1_clustering_ops_v2_20260813/results/operation_sweep_crrun.csv,3,0.113849,0.130468,255.66,8781.404497835383
cluster,f256,100000000,NOT,DDC,0.16716,1.0,WAH,NOT_op,R2W1_clustering_ops_v2_20260813/results/operation_sweep_crrun.csv,3,0.166367,0.189161,255.66,5982.292414453218
cluster,f256,100000000,NOT,CRoaring,0.25568,1.5295525245273989,WAH,NOT_op,combit-cr-native-20260820/experiments/cr_native_no_btv_20260820/raw/cluster/r*_f256.csv,3,0.255358,0.25577,255.66,3911.138923654568
cluster,f256,100000000,NOT,WAH,0.00372,0.022254127781765973,WAH,NOT_op,R2W1_clustering_ops_v2_20260813/results/operation_sweep_crrun.csv,3,0.003715,0.003754,255.66,268817.20430107525
cluster,f256,100000000,NOT,EWAH,0.070178,0.419825317061498,WAH,NOT_op,R2W1_clustering_ops_v2_20260813/results/operation_sweep_crrun.csv,3,0.069918,0.071023,255.66,14249.47989398387
cluster,f256,100000000,COMP,DDC,4.15762,1.0,CRoaring,COMP_op,R2W1_clustering_ops_v2_20260813/results/operation_sweep_crrun.csv,3,4.14881,4.26326,255.66,240.52222184807655
cluster,f256,100000000,COMP,CRoaring,0.620798,0.14931571427884222,CRoaring,COMP_op_native,combit-cr-native-20260820/experiments/cr_native_no_btv_20260820/raw/cluster/r*_f256.csv,3,0.618461,0.622322,255.66,1610.8299317974609
cluster,f256,100000000,COMP,WAH,0.656387,0.15787565963219344,CRoaring,COMP_op,R2W1_clustering_ops_v2_20260813/results/operation_sweep_crrun.csv,3,0.653425,0.736168,255.66,1523.4914768269327
cluster,f256,100000000,COMP,EWAH,0.769674,0.18512370057869648,CRoaring,COMP_op,R2W1_clustering_ops_v2_20260813/results/operation_sweep_crrun.csv,3,0.768599,0.772319,255.66,1299.2513713598225
cluster,f1024,100000000,OR,DDC,0.44131,1.0,WAH,OR_op,R2W1_clustering_ops_v2_20260813/results/operation_sweep_crrun.csv,3,0.434998,0.47223,1020.93,2265.98082980218
cluster,f1024,100000000,OR,CRoaring,0.071608,0.16226235526047453,WAH,OR_op,combit-cr-native-20260820/experiments/cr_native_no_btv_20260820/raw/cluster/r*_f1024.csv,3,0.071164,0.071701,1020.93,13964.920120656909
cluster,f1024,100000000,OR,WAH,0.040296,0.09130996351770865,WAH,OR_op,R2W1_clustering_ops_v2_20260813/results/operation_sweep_crrun.csv,3,0.039747,0.045172,1020.93,24816.358943815765
cluster,f1024,100000000,OR,EWAH,0.042111,0.09542271872379961,WAH,OR_op,R2W1_clustering_ops_v2_20260813/results/operation_sweep_crrun.csv,3,0.040848,0.044202,1020.93,23746.76450333642
cluster,f1024,100000000,AND,DDC,0.47627,1.0,EWAH,AND_op,R2W1_clustering_ops_v2_20260813/results/operation_sweep_crrun.csv,3,0.463512,0.478486,1020.93,2099.6493585571206
cluster,f1024,100000000,AND,CRoaring,0.053745,0.11284565477565246,EWAH,AND_op,combit-cr-native-20260820/experiments/cr_native_no_btv_20260820/raw/cluster/r*_f1024.csv,3,0.053642,0.05378,1020.93,18606.381989022233
cluster,f1024,100000000,AND,WAH,0.032188,0.06758351355323661,EWAH,AND_op,R2W1_clustering_ops_v2_20260813/results/operation_sweep_crrun.csv,3,0.031992,0.039368,1020.93,31067.47856343979
cluster,f1024,100000000,AND,EWAH,0.028644,0.060142356226510166,EWAH,AND_op,R2W1_clustering_ops_v2_20260813/results/operation_sweep_crrun.csv,3,0.028472,0.035015,1020.93,34911.32523390588
cluster,f1024,100000000,NOT,DDC,0.091031,1.0,WAH,NOT_op,R2W1_clustering_ops_v2_20260813/results/operation_sweep_crrun.csv,3,0.09084,0.10503,1020.93,10985.268754600082
cluster,f1024,100000000,NOT,CRoaring,0.204906,2.250947479430084,WAH,NOT_op,combit-cr-native-20260820/experiments/cr_native_no_btv_20260820/raw/cluster/r*_f1024.csv,3,0.20472,0.206159,1020.93,4880.286570427415
cluster,f1024,100000000,NOT,WAH,0.000687,0.0075468796344102555,WAH,NOT_op,R2W1_clustering_ops_v2_20260813/results/operation_sweep_crrun.csv,3,0.000687,0.000689,1020.93,1455604.075691412
cluster,f1024,100000000,NOT,EWAH,0.016995,0.18669464248442838,WAH,NOT_op,R2W1_clustering_ops_v2_20260813/results/operation_sweep_crrun.csv,3,0.016953,0.017863,1020.93,58840.83553986467
cluster,f1024,100000000,COMP,DDC,2.14287,1.0,WAH,COMP_op,R2W1_clustering_ops_v2_20260813/results/operation_sweep_crrun.csv,3,2.10201,2.14902,1020.93,466.6638666834666
cluster,f1024,100000000,COMP,CRoaring,0.35255,0.16452234619925613,WAH,COMP_op_native,combit-cr-native-20260820/experiments/cr_native_no_btv_20260820/raw/cluster/r*_f1024.csv,3,0.352438,0.353399,1020.93,2836.4770954474543
cluster,f1024,100000000,COMP,WAH,0.146138,0.06819732414938844,WAH,COMP_op,R2W1_clustering_ops_v2_20260813/results/operation_sweep_crrun.csv,3,0.145596,0.164181,1020.93,6842.847171851265
cluster,f1024,100000000,COMP,EWAH,0.173975,0.0811878462062561,WAH,COMP_op,R2W1_clustering_ops_v2_20260813/results/operation_sweep_crrun.csv,3,0.173615,0.174846,1020.93,5747.952291995976
cluster,sorted,100000000,OR,DDC,0.000868,1.0,EWAH,OR_op,R2W1_clustering_ops_v2_20260813/results/operation_sweep_crrun.csv,3,0.000862,0.000872,100000.0,1152073.732718894
cluster,sorted,100000000,OR,CRoaring,0.000662,0.7626728110599079,EWAH,OR_op,combit-cr-native-20260820/experiments/cr_native_no_btv_20260820/raw/cluster/r*_sorted.csv,3,0.000656,0.000672,100000.0,1510574.0181268882
cluster,sorted,100000000,OR,WAH,0.000311,0.35829493087557607,EWAH,OR_op,R2W1_clustering_ops_v2_20260813/results/operation_sweep_crrun.csv,3,0.000309,0.000317,100000.0,3215434.0836012857
cluster,sorted,100000000,OR,EWAH,8.4e-05,0.0967741935483871,EWAH,OR_op,R2W1_clustering_ops_v2_20260813/results/operation_sweep_crrun.csv,3,8.3e-05,8.7e-05,100000.0,11904761.904761905
cluster,sorted,100000000,AND,DDC,0.146684,1.0,EWAH,AND_op,R2W1_clustering_ops_v2_20260813/results/operation_sweep_crrun.csv,3,0.146388,0.152592,100000.0,6817.376128275749
cluster,sorted,100000000,AND,CRoaring,0.001308,0.00891712797578468,EWAH,AND_op,combit-cr-native-20260820/experiments/cr_native_no_btv_20260820/raw/cluster/r*_sorted.csv,3,0.001233,0.001491,100000.0,764525.9938837921
cluster,sorted,100000000,AND,WAH,0.000303,0.0020656649668675518,EWAH,AND_op,R2W1_clustering_ops_v2_20260813/results/operation_sweep_crrun.csv,3,0.000301,0.000305,100000.0,3300330.0330033004
cluster,sorted,100000000,AND,EWAH,8.2e-05,0.0005590248425186114,EWAH,AND_op,R2W1_clustering_ops_v2_20260813/results/operation_sweep_crrun.csv,3,8.1e-05,8.4e-05,100000.0,12195121.951219512
cluster,sorted,100000000,NOT,DDC,0.000268,1.0,EWAH,NOT_op,R2W1_clustering_ops_v2_20260813/results/operation_sweep_crrun.csv,3,0.000268,0.000278,100000.0,3731343.2835820895
cluster,sorted,100000000,NOT,CRoaring,0.069904,260.8358208955224,EWAH,NOT_op,combit-cr-native-20260820/experiments/cr_native_no_btv_20260820/raw/cluster/r*_sorted.csv,3,0.069588,0.071347,100000.0,14305.333028152896
cluster,sorted,100000000,NOT,WAH,0.000137,0.5111940298507462,EWAH,NOT_op,R2W1_clustering_ops_v2_20260813/results/operation_sweep_crrun.csv,3,0.000136,0.000138,100000.0,7299270.072992701
cluster,sorted,100000000,NOT,EWAH,6.8e-05,0.2537313432835821,EWAH,NOT_op,R2W1_clustering_ops_v2_20260813/results/operation_sweep_crrun.csv,3,6.7e-05,6.8e-05,100000.0,14705882.352941176
cluster,sorted,100000000,COMP,DDC,0.121537,1.0,EWAH,COMP_op,R2W1_clustering_ops_v2_20260813/results/operation_sweep_crrun.csv,3,0.121449,0.130981,100000.0,8227.947044932818
cluster,sorted,100000000,COMP,CRoaring,0.069409,0.571093576441742,EWAH,COMP_op_native,combit-cr-native-20260820/experiments/cr_native_no_btv_20260820/raw/cluster/r*_sorted.csv,3,0.068859,0.070856,100000.0,14407.353513233154
cluster,sorted,100000000,COMP,WAH,0.001012,0.008326682409472014,EWAH,COMP_op,R2W1_clustering_ops_v2_20260813/results/operation_sweep_crrun.csv,3,0.001009,0.001016,100000.0,988142.2924901185
cluster,sorted,100000000,COMP,EWAH,0.000258,0.002122810337592667,EWAH,COMP_op,R2W1_clustering_ops_v2_20260813/results/operation_sweep_crrun.csv,3,0.000256,0.000259,100000.0,3875968.992248062
