group,case,num_rows,operation,backend,time_ms,latency_over_ddc,winner,source_operation,source_file,replicates,min_ms,max_ms
earth,month,21844315,OR,DDC,0.342943,1.0,CRoaring,OR_op,R3W1_realworld_excel_20260809/earth_adaptive_single_replay_20260809/results_earth_adaptive_single_20260809.csv,1,0.342943,0.342943
earth,month,21844315,OR,CRoaring,0.340162,0.9918907806836705,CRoaring,OR_op,combit-cr-native-20260820/experiments/cr_native_no_btv_20260820/raw/earth/r*_month.csv,3,0.339834,0.340445
earth,month,21844315,OR,WAH,3.44284,10.039102708030198,CRoaring,OR_op,R3W1_realworld_excel_20260809/earth_final5/results_earth_final5_20260809.csv,1,3.44284,3.44284
earth,month,21844315,OR,EWAH,1.24,3.615761219794543,CRoaring,OR_op,R3W1_realworld_excel_20260809/ewah_corrected/earth/results_earth_ewah_corrected_20260809.csv,1,1.24,1.24
earth,month,21844315,AND,DDC,0.365995,1.0,DDC,AND_op,R3W1_realworld_excel_20260809/earth_adaptive_single_replay_20260809/results_earth_adaptive_single_20260809.csv,1,0.365995,0.365995
earth,month,21844315,AND,CRoaring,0.36863,1.0071995519064467,DDC,AND_op,combit-cr-native-20260820/experiments/cr_native_no_btv_20260820/raw/earth/r*_month.csv,3,0.36741,0.37208
earth,month,21844315,AND,WAH,3.37959,9.233978606265111,DDC,AND_op,R3W1_realworld_excel_20260809/earth_final5/results_earth_final5_20260809.csv,1,3.37959,3.37959
earth,month,21844315,AND,EWAH,1.32329,3.6155958414732443,DDC,AND_op,R3W1_realworld_excel_20260809/ewah_corrected/earth/results_earth_ewah_corrected_20260809.csv,1,1.32329,1.32329
earth,month,21844315,NOT,DDC,0.239959,1.0,DDC,NOT_op,R3W1_realworld_excel_20260809/earth_adaptive_single_replay_20260809/results_earth_adaptive_single_20260809.csv,1,0.239959,0.239959
earth,month,21844315,NOT,CRoaring,0.339168,1.4134414629165817,DDC,NOT_op,combit-cr-native-20260820/experiments/cr_native_no_btv_20260820/raw/earth/r*_month.csv,3,0.338841,0.340822
earth,month,21844315,NOT,WAH,0.304399,1.2685458765872502,DDC,NOT_op,R3W1_realworld_excel_20260809/earth_final5/results_earth_final5_20260809.csv,1,0.304399,0.304399
earth,month,21844315,NOT,EWAH,1.00129,4.172754512229172,DDC,NOT_op,R3W1_realworld_excel_20260809/ewah_corrected/earth/results_earth_ewah_corrected_20260809.csv,1,1.00129,1.00129
earth,month,21844315,COMP,DDC,0.996376,1.0,DDC,COMP_op,R3W1_realworld_excel_20260809/earth_adaptive_single_replay_20260809/results_earth_adaptive_single_20260809.csv,1,0.996376,0.996376
earth,month,21844315,COMP,CRoaring,1.139,1.1431427493235484,DDC,COMP_op_native,combit-cr-native-20260820/experiments/cr_native_no_btv_20260820/raw/earth/r*_month.csv,3,1.13635,1.13918
earth,month,21844315,COMP,WAH,7.68635,7.714306647289778,DDC,COMP_op,R3W1_realworld_excel_20260809/earth_final5/results_earth_final5_20260809.csv,1,7.68635,7.68635
earth,month,21844315,COMP,EWAH,4.68572,4.702762812432254,DDC,COMP_op,R3W1_realworld_excel_20260809/ewah_corrected/earth/results_earth_ewah_corrected_20260809.csv,1,4.68572,4.68572
earth,qflag,21844315,OR,DDC,0.17351,1.0,DDC,OR_op,R3W1_realworld_excel_20260809/earth_adaptive_single_replay_20260809/results_earth_adaptive_single_20260809.csv,1,0.17351,0.17351
earth,qflag,21844315,OR,CRoaring,0.481553,2.7753616506253245,DDC,OR_op,combit-cr-native-20260820/experiments/cr_native_no_btv_20260820/raw/earth/r*_qflag.csv,3,0.477919,0.482185
earth,qflag,21844315,OR,WAH,1.92778,11.110483545616967,DDC,OR_op,R3W1_realworld_excel_20260809/earth_final5/results_earth_final5_20260809.csv,1,1.92778,1.92778
earth,qflag,21844315,OR,EWAH,1.34487,7.750965362226961,DDC,OR_op,R3W1_realworld_excel_20260809/ewah_corrected/earth/results_earth_ewah_corrected_20260809.csv,1,1.34487,1.34487
earth,qflag,21844315,AND,DDC,0.11619,1.0,DDC,AND_op,R3W1_realworld_excel_20260809/earth_adaptive_single_replay_20260809/results_earth_adaptive_single_20260809.csv,1,0.11619,0.11619
earth,qflag,21844315,AND,CRoaring,0.630998,5.430742748945692,DDC,AND_op,combit-cr-native-20260820/experiments/cr_native_no_btv_20260820/raw/earth/r*_qflag.csv,3,0.630533,0.632405
earth,qflag,21844315,AND,WAH,1.13495,9.76805232808331,DDC,AND_op,R3W1_realworld_excel_20260809/earth_final5/results_earth_final5_20260809.csv,1,1.13495,1.13495
earth,qflag,21844315,AND,EWAH,0.690103,5.939435407522162,DDC,AND_op,R3W1_realworld_excel_20260809/ewah_corrected/earth/results_earth_ewah_corrected_20260809.csv,1,0.690103,0.690103
earth,qflag,21844315,NOT,DDC,0.110354,1.0,WAH,NOT_op,R3W1_realworld_excel_20260809/earth_adaptive_single_replay_20260809/results_earth_adaptive_single_20260809.csv,1,0.110354,0.110354
earth,qflag,21844315,NOT,CRoaring,0.748963,6.786913025354768,WAH,NOT_op,combit-cr-native-20260820/experiments/cr_native_no_btv_20260820/raw/earth/r*_qflag.csv,3,0.747674,0.749259
earth,qflag,21844315,NOT,WAH,0.036041,0.326594414339308,WAH,NOT_op,R3W1_realworld_excel_20260809/earth_final5/results_earth_final5_20260809.csv,1,0.036041,0.036041
earth,qflag,21844315,NOT,EWAH,0.7917,7.17418489588053,WAH,NOT_op,R3W1_realworld_excel_20260809/ewah_corrected/earth/results_earth_ewah_corrected_20260809.csv,1,0.7917,0.7917
earth,qflag,21844315,COMP,DDC,0.765055,1.0,DDC,COMP_op,R3W1_realworld_excel_20260809/earth_adaptive_single_replay_20260809/results_earth_adaptive_single_20260809.csv,1,0.765055,0.765055
earth,qflag,21844315,COMP,CRoaring,1.4082,1.840651979269464,DDC,COMP_op_native,combit-cr-native-20260820/experiments/cr_native_no_btv_20260820/raw/earth/r*_qflag.csv,3,1.40613,1.40854
earth,qflag,21844315,COMP,WAH,5.08768,6.650083980890262,DDC,COMP_op,R3W1_realworld_excel_20260809/earth_final5/results_earth_final5_20260809.csv,1,5.08768,5.08768
earth,qflag,21844315,COMP,EWAH,3.4327,4.486866957277581,DDC,COMP_op,R3W1_realworld_excel_20260809/ewah_corrected/earth/results_earth_ewah_corrected_20260809.csv,1,3.4327,3.4327
earth,decade,21844315,OR,DDC,0.305233,1.0,CRoaring,OR_op,R3W1_realworld_excel_20260809/earth_adaptive_single_replay_20260809/results_earth_adaptive_single_20260809.csv,1,0.305233,0.305233
earth,decade,21844315,OR,CRoaring,0.18998,0.6224097656544345,CRoaring,OR_op,combit-cr-native-20260820/experiments/cr_native_no_btv_20260820/raw/earth/r*_decade.csv,3,0.189499,0.19169
earth,decade,21844315,OR,WAH,1.35073,4.425242355839638,CRoaring,OR_op,R3W1_realworld_excel_20260809/earth_final5/results_earth_final5_20260809.csv,1,1.35073,1.35073
earth,decade,21844315,OR,EWAH,1.28769,4.218711607198435,CRoaring,OR_op,R3W1_realworld_excel_20260809/ewah_corrected/earth/results_earth_ewah_corrected_20260809.csv,1,1.28769,1.28769
earth,decade,21844315,AND,DDC,0.445597,1.0,CRoaring,AND_op,R3W1_realworld_excel_20260809/earth_adaptive_single_replay_20260809/results_earth_adaptive_single_20260809.csv,1,0.445597,0.445597
earth,decade,21844315,AND,CRoaring,0.135092,0.3031708023168917,CRoaring,AND_op,combit-cr-native-20260820/experiments/cr_native_no_btv_20260820/raw/earth/r*_decade.csv,3,0.134857,0.135131
earth,decade,21844315,AND,WAH,0.845936,1.898432888910832,CRoaring,AND_op,R3W1_realworld_excel_20260809/earth_final5/results_earth_final5_20260809.csv,1,0.845936,0.845936
earth,decade,21844315,AND,EWAH,0.944016,2.1185420907232317,CRoaring,AND_op,R3W1_realworld_excel_20260809/ewah_corrected/earth/results_earth_ewah_corrected_20260809.csv,1,0.944016,0.944016
earth,decade,21844315,NOT,DDC,0.084913,1.0,WAH,NOT_op,R3W1_realworld_excel_20260809/earth_adaptive_single_replay_20260809/results_earth_adaptive_single_20260809.csv,1,0.084913,0.084913
earth,decade,21844315,NOT,CRoaring,0.163583,1.926477688928668,WAH,NOT_op,combit-cr-native-20260820/experiments/cr_native_no_btv_20260820/raw/earth/r*_decade.csv,3,0.163414,0.164161
earth,decade,21844315,NOT,WAH,0.02168,0.2553201512135951,WAH,NOT_op,R3W1_realworld_excel_20260809/earth_final5/results_earth_final5_20260809.csv,1,0.02168,0.02168
earth,decade,21844315,NOT,EWAH,0.562956,6.629797557500029,WAH,NOT_op,R3W1_realworld_excel_20260809/ewah_corrected/earth/results_earth_ewah_corrected_20260809.csv,1,0.562956,0.562956
earth,decade,21844315,COMP,DDC,1.16118,1.0,CRoaring,COMP_op,R3W1_realworld_excel_20260809/earth_adaptive_single_replay_20260809/results_earth_adaptive_single_20260809.csv,1,1.16118,1.16118
earth,decade,21844315,COMP,CRoaring,0.814976,0.7018515647875436,CRoaring,COMP_op_native,combit-cr-native-20260820/experiments/cr_native_no_btv_20260820/raw/earth/r*_decade.csv,3,0.812017,0.817166
earth,decade,21844315,COMP,WAH,4.35268,3.748497218346854,CRoaring,COMP_op,R3W1_realworld_excel_20260809/earth_final5/results_earth_final5_20260809.csv,1,4.35268,4.35268
earth,decade,21844315,COMP,EWAH,4.82891,4.158623124752406,CRoaring,COMP_op,R3W1_realworld_excel_20260809/ewah_corrected/earth/results_earth_ewah_corrected_20260809.csv,1,4.82891,4.82891
earth,temp_bin,21844315,OR,DDC,0.307217,1.0,DDC,OR_op,R3W1_realworld_excel_20260809/earth_adaptive_single_replay_20260809/results_earth_adaptive_single_20260809.csv,1,0.307217,0.307217
earth,temp_bin,21844315,OR,CRoaring,0.706805,2.300670210307372,DDC,OR_op,combit-cr-native-20260820/experiments/cr_native_no_btv_20260820/raw/earth/r*_temp_bin.csv,3,0.706231,0.70806
earth,temp_bin,21844315,OR,WAH,4.70663,15.320213399649106,DDC,OR_op,R3W1_realworld_excel_20260809/earth_final5/results_earth_final5_20260809.csv,1,4.70663,4.70663
earth,temp_bin,21844315,OR,EWAH,3.65339,11.891887493205127,DDC,OR_op,R3W1_realworld_excel_20260809/ewah_corrected/earth/results_earth_ewah_corrected_20260809.csv,1,3.65339,3.65339
earth,temp_bin,21844315,AND,DDC,0.320605,1.0,DDC,AND_op,R3W1_realworld_excel_20260809/earth_adaptive_single_replay_20260809/results_earth_adaptive_single_20260809.csv,1,0.320605,0.320605
earth,temp_bin,21844315,AND,CRoaring,0.333905,1.0414840691817036,DDC,AND_op,combit-cr-native-20260820/experiments/cr_native_no_btv_20260820/raw/earth/r*_temp_bin.csv,3,0.331337,0.336177
earth,temp_bin,21844315,AND,WAH,5.02599,15.676580215530015,DDC,AND_op,R3W1_realworld_excel_20260809/earth_final5/results_earth_final5_20260809.csv,1,5.02599,5.02599
earth,temp_bin,21844315,AND,EWAH,3.10061,9.671121785374527,DDC,AND_op,R3W1_realworld_excel_20260809/ewah_corrected/earth/results_earth_ewah_corrected_20260809.csv,1,3.10061,3.10061
earth,temp_bin,21844315,NOT,DDC,0.090285,1.0,DDC,NOT_op,R3W1_realworld_excel_20260809/earth_adaptive_single_replay_20260809/results_earth_adaptive_single_20260809.csv,1,0.090285,0.090285
earth,temp_bin,21844315,NOT,CRoaring,0.483059,5.3503793542670435,DDC,NOT_op,combit-cr-native-20260820/experiments/cr_native_no_btv_20260820/raw/earth/r*_temp_bin.csv,3,0.479186,0.487782
earth,temp_bin,21844315,NOT,WAH,0.148611,1.6460209337099185,DDC,NOT_op,R3W1_realworld_excel_20260809/earth_final5/results_earth_final5_20260809.csv,1,0.148611,0.148611
earth,temp_bin,21844315,NOT,EWAH,1.41647,15.688874120839563,DDC,NOT_op,R3W1_realworld_excel_20260809/ewah_corrected/earth/results_earth_ewah_corrected_20260809.csv,1,1.41647,1.41647
earth,temp_bin,21844315,COMP,DDC,0.963776,1.0,DDC,COMP_op,R3W1_realworld_excel_20260809/earth_adaptive_single_replay_20260809/results_earth_adaptive_single_20260809.csv,1,0.963776,0.963776
earth,temp_bin,21844315,COMP,CRoaring,2.49682,2.5906642207317883,DDC,COMP_op_native,combit-cr-native-20260820/experiments/cr_native_no_btv_20260820/raw/earth/r*_temp_bin.csv,3,2.49437,2.49917
earth,temp_bin,21844315,COMP,WAH,10.1455,10.526823660269606,DDC,COMP_op,R3W1_realworld_excel_20260809/earth_final5/results_earth_final5_20260809.csv,1,10.1455,10.1455
earth,temp_bin,21844315,COMP,EWAH,11.6365,12.073863636363637,DDC,COMP_op,R3W1_realworld_excel_20260809/ewah_corrected/earth/results_earth_ewah_corrected_20260809.csv,1,11.6365,11.6365
earth,year,21844315,OR,DDC,0.297575,1.0,CRoaring,OR_op,R3W1_realworld_excel_20260809/earth_adaptive_single_replay_20260809/results_earth_adaptive_single_20260809.csv,1,0.297575,0.297575
earth,year,21844315,OR,CRoaring,0.1249,0.41972611946568095,CRoaring,OR_op,combit-cr-native-20260820/experiments/cr_native_no_btv_20260820/raw/earth/r*_year.csv,3,0.124703,0.126399
earth,year,21844315,OR,WAH,0.811955,2.728572628749055,CRoaring,OR_op,R3W1_realworld_excel_20260809/earth_final5/results_earth_final5_20260809.csv,1,0.811955,0.811955
earth,year,21844315,OR,EWAH,0.592298,1.9904158615475092,CRoaring,OR_op,R3W1_realworld_excel_20260809/ewah_corrected/earth/results_earth_ewah_corrected_20260809.csv,1,0.592298,0.592298
earth,year,21844315,AND,DDC,0.383856,1.0,CRoaring,AND_op,R3W1_realworld_excel_20260809/earth_adaptive_single_replay_20260809/results_earth_adaptive_single_20260809.csv,1,0.383856,0.383856
earth,year,21844315,AND,CRoaring,0.087669,0.22839033387520322,CRoaring,AND_op,combit-cr-native-20260820/experiments/cr_native_no_btv_20260820/raw/earth/r*_year.csv,3,0.087443,0.087998
earth,year,21844315,AND,WAH,0.562976,1.4666333208286442,CRoaring,AND_op,R3W1_realworld_excel_20260809/earth_final5/results_earth_final5_20260809.csv,1,0.562976,0.562976
earth,year,21844315,AND,EWAH,0.48666,1.2678191821933225,CRoaring,AND_op,R3W1_realworld_excel_20260809/ewah_corrected/earth/results_earth_ewah_corrected_20260809.csv,1,0.48666,0.48666
earth,year,21844315,NOT,DDC,0.056204,1.0,WAH,NOT_op,R3W1_realworld_excel_20260809/earth_adaptive_single_replay_20260809/results_earth_adaptive_single_20260809.csv,1,0.056204,0.056204
earth,year,21844315,NOT,CRoaring,0.152047,2.7052700875382536,WAH,NOT_op,combit-cr-native-20260820/experiments/cr_native_no_btv_20260820/raw/earth/r*_year.csv,3,0.151558,0.152122
earth,year,21844315,NOT,WAH,0.012156,0.21628353853818236,WAH,NOT_op,R3W1_realworld_excel_20260809/earth_final5/results_earth_final5_20260809.csv,1,0.012156,0.012156
earth,year,21844315,NOT,EWAH,0.293192,5.216568215785354,WAH,NOT_op,R3W1_realworld_excel_20260809/ewah_corrected/earth/results_earth_ewah_corrected_20260809.csv,1,0.293192,0.293192
earth,year,21844315,COMP,DDC,1.07423,1.0,CRoaring,COMP_op,R3W1_realworld_excel_20260809/earth_adaptive_single_replay_20260809/results_earth_adaptive_single_20260809.csv,1,1.07423,1.07423
earth,year,21844315,COMP,CRoaring,0.615394,0.5728698695810022,CRoaring,COMP_op_native,combit-cr-native-20260820/experiments/cr_native_no_btv_20260820/raw/earth/r*_year.csv,3,0.615135,0.616112
earth,year,21844315,COMP,WAH,2.65366,2.470290347504724,CRoaring,COMP_op,R3W1_realworld_excel_20260809/earth_final5/results_earth_final5_20260809.csv,1,2.65366,2.65366
earth,year,21844315,COMP,EWAH,2.35754,2.194632434394869,CRoaring,COMP_op,R3W1_realworld_excel_20260809/ewah_corrected/earth/results_earth_ewah_corrected_20260809.csv,1,2.35754,2.35754
